{
  "load_test": {
    "num_users": 25,
    "operations_per_user": 8,
    "total_time": 2.8955936431884766,
    "successful_users": 25,
    "failed_users": 0,
    "total_operations": 200,
    "total_errors": 0,
    "error_rate": 0.0,
    "operations_per_second": 69.0704652120214,
    "avg_response_time": 0.0008714020252227784,
    "median_response_time": 0.0006392002105712891,
    "max_response_time": 0.04653739929199219,
    "min_response_time": 0.00013566017150878906
  },
  "data_integrity": {
    "patient_consistency": true,
    "provider_consistency": true,
    "appointment_consistency": true,
    "data_completeness": true,
    "foreign_key_integrity": true,
    "issues": []
  },
  "performance": {
    "search_patients": {
      "avg": 0.00030138492584228513,
      "median": 0.00028777122497558594,
      "min": 0.00024247169494628906,
      "max": 0.00041222572326660156,
      "std_dev": 5.2662074319026293e-05
    },
    "get_providers": {
      "avg": 0.00027185678482055664,
      "median": 0.0002589225769042969,
      "min": 0.00019550323486328125,
      "max": 0.000476837158203125,
      "std_dev": 8.05027917890285e-05
    },
    "get_available_slots": {
      "avg": 0.0004605293273925781,
      "median": 0.0004347562789916992,
      "min": 0.00033855438232421875,
      "max": 0.0006778240203857422,
      "std_dev": 0.00011772899075284985
    },
    "book_appointment": {
      "avg": 0.0014648318290710449,
      "median": 0.0013625621795654297,
      "min": 0.0011322498321533203,
      "max": 0.002210855484008789,
      "std_dev": 0.0002833740386420821
    },
    "health_check": {
      "avg": 0.00015988349914550782,
      "median": 0.0001513957977294922,
      "min": 0.00011515617370605469,
      "max": 0.0002834796905517578,
      "std_dev": 3.790262669044453e-05
    }
  },
  "security": {},
  "edge_cases": {
    "invalid_inputs": 1,
    "boundary_conditions": 9,
    "error_handling": 4,
    "total_tests": 18,
    "issues": []
  },
  "database_stress": {
    "rapid_operations": 100,
    "connection_stability": true,
    "memory_usage": "stable",
    "errors": 0,
    "duration": 0.03999614715576172
  }
}