{
  "connection_pool": {
    "single_connection_time": [
      0.002402782440185547,
      0.0007777214050292969,
      0.0006415843963623047,
      0.0006067752838134766,
      0.0005850791931152344,
      0.0005557537078857422,
      0.0005950927734375,
      0.0007503032684326172,
      0.0006418228149414062,
      0.0006535053253173828
    ],
    "multiple_connections_time": [
      0.0007698535919189453,
      0.0007016658782958984,
      0.0006327629089355469,
      0.0006742477416992188,
      0.0006787776947021484,
      0.0006737709045410156,
      0.0006406307220458984,
      0.0006401538848876953,
      0.000629425048828125,
      0.0006053447723388672,
      0.0006299018859863281,
      0.0006284713745117188,
      0.0005893707275390625,
      0.0005898475646972656,
      0.0006101131439208984,
      0.0006241798400878906,
      0.0006508827209472656,
      0.0006225109100341797,
      0.0006067752838134766,
      0.0006222724914550781,
      0.0005967617034912109,
      0.0006363391876220703,
      0.0007452964782714844,
      0.0006077289581298828,
      0.0006289482116699219,
      0.0006144046783447266,
      0.000591278076171875,
      0.0006897449493408203,
      0.0006749629974365234,
      0.0006511211395263672,
      0.0005939006805419922,
      0.0006055831909179688,
      0.0007178783416748047,
      0.0006244182586669922,
      0.0006182193756103516,
      0.0006482601165771484,
      0.0007302761077880859,
      0.0006213188171386719,
      0.0006239414215087891,
      0.0005869865417480469,
      0.0006282329559326172,
      0.0006046295166015625,
      0.0006151199340820312,
      0.0006036758422851562,
      0.0006234645843505859,
      0.0005984306335449219,
      0.0006008148193359375,
      0.0006327629089355469,
      0.0006186962127685547,
      0.0005812644958496094,
      0.0006067752838134766,
      0.0006206035614013672,
      0.0005979537963867188,
      0.0007157325744628906,
      0.0007061958312988281,
      0.0006270408630371094,
      0.0006573200225830078,
      0.00060272216796875,
      0.0005924701690673828,
      0.0006663799285888672,
      0.0006074905395507812,
      0.0006132125854492188,
      0.0006144046783447266,
      0.0005736351013183594,
      0.0006079673767089844,
      0.0006012916564941406,
      0.0005958080291748047,
      0.0006003379821777344,
      0.0006160736083984375,
      0.0006167888641357422,
      0.0006110668182373047,
      0.0006697177886962891,
      0.0006616115570068359,
      0.0006337165832519531,
      0.0006246566772460938,
      0.0005970001220703125,
      0.0005810260772705078,
      0.0006737709045410156,
      0.0006451606750488281,
      0.0006067752838134766,
      0.0006201267242431641,
      0.0005817413330078125,
      0.0006239414215087891,
      0.0006144046783447266,
      0.0006144046783447266
    ],
    "connection_reuse_time": [
      8.511543273925781e-05,
      6.818771362304688e-05,
      6.341934204101562e-05,
      6.103515625e-05,
      6.127357482910156e-05,
      6.794929504394531e-05,
      6.270408630371094e-05,
      6.0558319091796875e-05,
      6.0558319091796875e-05,
      5.984306335449219e-05,
      6.031990051269531e-05,
      6.0558319091796875e-05,
      6.031990051269531e-05,
      5.9604644775390625e-05,
      6.031990051269531e-05,
      6.008148193359375e-05,
      5.936622619628906e-05,
      5.936622619628906e-05,
      5.91278076171875e-05,
      5.8650970458984375e-05
    ],
    "max_connections_tested": 50,
    "connection_failures": 0
  },
  "query_performance": {
    "simple_select": [
      0.0006191730499267578,
      0.0004780292510986328,
      0.0005769729614257812,
      0.0004649162292480469,
      0.000457763671875,
      0.0004425048828125,
      0.0004439353942871094,
      0.0004372596740722656,
      0.0004444122314453125,
      0.0004353523254394531,
      0.0004439353942871094,
      0.0004894733428955078,
      0.00043964385986328125,
      0.00045609474182128906,
      0.0004551410675048828,
      0.00044465065002441406,
      0.0004324913024902344,
      0.000438690185546875,
      0.0004324913024902344,
      0.0004394054412841797,
      0.0004754066467285156,
      0.0004482269287109375,
      0.0004343986511230469,
      0.00043320655822753906,
      0.0004401206970214844,
      0.0004315376281738281,
      0.00044846534729003906,
      0.0004363059997558594,
      0.0004372596740722656,
      0.00044226646423339844,
      0.000438690185546875,
      0.00043892860412597656,
      0.00043582916259765625,
      0.0004374980926513672,
      0.0004279613494873047,
      0.0004382133483886719,
      0.00043201446533203125,
      0.0004324913024902344,
      0.0005257129669189453,
      0.000457763671875,
      0.0004394054412841797,
      0.00043392181396484375,
      0.0004382133483886719,
      0.0004363059997558594,
      0.0004401206970214844,
      0.00043463706970214844,
      0.0004661083221435547,
      0.00044918060302734375,
      0.00044846534729003906,
      0.00043654441833496094
    ],
    "complex_join": [
      0.00042557716369628906,
      0.00034928321838378906,
      0.0003275871276855469,
      0.0003209114074707031,
      0.0003285408020019531,
      0.0004506111145019531,
      0.00034332275390625,
      0.0003426074981689453,
      0.0003132820129394531,
      0.00029969215393066406,
      0.00030541419982910156,
      0.00029540061950683594,
      0.0002880096435546875,
      0.0002932548522949219,
      0.0002944469451904297,
      0.0002868175506591797,
      0.0002925395965576172,
      0.0002903938293457031,
      0.00028443336486816406,
      0.00035691261291503906
    ],
    "aggregation": [
      0.00044727325439453125,
      0.00025463104248046875,
      0.00024175643920898438,
      0.0002574920654296875,
      0.00022840499877929688,
      0.00022125244140625,
      0.0002129077911376953,
      0.00021767616271972656,
      0.0002124309539794922,
      0.00020956993103027344,
      0.0002079010009765625,
      0.00020742416381835938,
      0.00022101402282714844,
      0.0002129077911376953,
      0.00020956993103027344,
      0.00020837783813476562,
      0.0002086162567138672,
      0.0002162456512451172,
      0.00022673606872558594,
      0.00021147727966308594,
      0.000217437744140625,
      0.00021648406982421875,
      0.00021338462829589844,
      0.0002090930938720703,
      0.000209808349609375,
      0.0002090930938720703,
      0.0002167224884033203,
      0.00021791458129882812,
      0.00035119056701660156,
      0.00025582313537597656
    ],
    "insert_performance": [],
    "update_performance": [],
    "delete_performance": []
  },